SSid,SSrecordType,SSsequenceNumber,SSstratification,SSobservationActivityType,SScatchFraction,SSobservationType,SSstratumName,SSclustering,SSclusterName,SSsampler,SSspeciesListName,SSuseForCalculateZero,SSnumberTotal,SSnumberSampled,SSselectionProb,SSinclusionProb,SSselectionMethod,SSunitName,SSselectionMethodCluster,SSnumberTotalClusters,SSnumberSampledClusters,SSselectionProbCluster,SSinclusionProbCluster,SSsampled,SSreasonNotSampled,FOid
1,SS,1,N,haul,Lan,vis,U,N,U,Control,VA_2015_SpeciesList,N,4,1,,,SRSWR,SS_unit_1,,,,,,Y,,1
2,SS,1,N,haul,Lan,vis,U,N,U,Control,VA_2015_SpeciesList,N,4,1,,,SRSWR,SS_unit_1,,,,,,Y,,2
3,SS,1,N,haul,Lan,vis,U,N,U,Control,VA_2015_SpeciesList,N,4,1,,,SRSWR,SS_unit_1,,,,,,Y,,3
4,SS,1,N,haul,Lan,vis,U,N,U,Control,VA_2015_SpeciesList,N,4,1,,,SRSWR,SS_unit_1,,,,,,Y,,4
5,SS,1,N,haul,Lan,vis,U,N,U,Control,VA_2015_SpeciesList,N,4,1,,,SRSWR,SS_unit_1,,,,,,Y,,5
6,SS,1,N,haul,Lan,vis,U,N,U,Control,VA_2015_SpeciesList,N,4,1,,,SRSWR,SS_unit_1,,,,,,Y,,6
7,SS,1,N,haul,Lan,vis,U,N,U,Control,VA_2015_SpeciesList,N,4,1,,,SRSWR,SS_unit_1,,,,,,Y,,7
8,SS,1,N,haul,Lan,vis,U,N,U,Control,VA_2015_SpeciesList,N,4,1,,,SRSWR,SS_unit_1,,,,,,Y,,8
9,SS,1,N,haul,Lan,vis,U,N,U,Control,VA_2015_SpeciesList,N,4,1,,,SRSWR,SS_unit_1,,,,,,Y,,9
10,SS,1,N,haul,Lan,vis,U,N,U,Control,VA_2015_SpeciesList,N,4,1,,,SRSWR,SS_unit_1,,,,,,Y,,10
11,SS,1,N,haul,Lan,vis,U,N,U,Control,VA_2015_SpeciesList,N,4,1,,,SRSWR,SS_unit_1,,,,,,Y,,11
12,SS,1,N,haul,Lan,vis,U,N,U,Control,VA_2015_SpeciesList,N,4,1,,,SRSWR,SS_unit_1,,,,,,Y,,12
13,SS,1,N,haul,Lan,vis,U,N,U,Control,VA_2015_SpeciesList,N,4,1,,,SRSWR,SS_unit_1,,,,,,Y,,13
14,SS,1,N,haul,Lan,vis,U,N,U,Control,VA_2015_SpeciesList,N,4,1,,,SRSWR,SS_unit_1,,,,,,Y,,14
15,SS,1,N,haul,Lan,vis,U,N,U,Control,VA_2015_SpeciesList,N,4,1,,,SRSWR,SS_unit_1,,,,,,Y,,15
16,SS,1,N,haul,Lan,vis,U,N,U,Control,VA_2015_SpeciesList,N,4,1,,,SRSWR,SS_unit_1,,,,,,Y,,16
17,SS,1,N,haul,Lan,vis,U,N,U,Control,VA_2015_SpeciesList,N,4,1,,,SRSWR,SS_unit_1,,,,,,Y,,17
18,SS,1,N,haul,Lan,vis,U,N,U,Control,VA_2015_SpeciesList,N,4,1,,,SRSWR,SS_unit_1,,,,,,Y,,18
19,SS,1,N,haul,Lan,vis,U,N,U,Control,VA_2015_SpeciesList,N,4,1,,,SRSWR,SS_unit_1,,,,,,Y,,19
20,SS,1,N,haul,Lan,vis,U,N,U,Control,VA_2015_SpeciesList,N,4,1,,,SRSWR,SS_unit_1,,,,,,Y,,20
21,SS,1,N,haul,Lan,vis,U,N,U,Control,VA_2015_SpeciesList,N,4,1,,,SRSWR,SS_unit_1,,,,,,Y,,21
22,SS,1,N,haul,Lan,vis,U,N,U,Control,VA_2015_SpeciesList,N,4,1,,,SRSWR,SS_unit_1,,,,,,Y,,22
23,SS,1,N,haul,Lan,vis,U,N,U,Control,VA_2015_SpeciesList,N,4,1,,,SRSWR,SS_unit_1,,,,,,Y,,23
24,SS,1,N,haul,Lan,vis,U,N,U,Control,VA_2015_SpeciesList,N,4,1,,,SRSWR,SS_unit_1,,,,,,Y,,24
25,SS,1,N,haul,Lan,vis,U,N,U,Control,VA_2015_SpeciesList,N,4,1,,,SRSWR,SS_unit_1,,,,,,Y,,25
26,SS,1,N,haul,Lan,vis,U,N,U,Control,VA_2015_SpeciesList,N,4,1,,,SRSWR,SS_unit_1,,,,,,Y,,26
27,SS,1,N,haul,Lan,vis,U,N,U,Control,VA_2015_SpeciesList,N,4,1,,,SRSWR,SS_unit_1,,,,,,Y,,27
28,SS,1,N,haul,Lan,vis,U,N,U,Control,VA_2015_SpeciesList,N,4,1,,,SRSWR,SS_unit_1,,,,,,Y,,28
29,SS,1,N,haul,Lan,vis,U,N,U,Control,VA_2015_SpeciesList,N,4,1,,,SRSWR,SS_unit_1,,,,,,Y,,29
30,SS,1,N,haul,Lan,vis,U,N,U,Control,VA_2015_SpeciesList,N,4,1,,,SRSWR,SS_unit_1,,,,,,Y,,30
31,SS,1,N,haul,Lan,vis,U,N,U,Control,VA_2015_SpeciesList,N,4,1,,,SRSWR,SS_unit_1,,,,,,Y,,31
32,SS,1,N,haul,Lan,vis,U,N,U,Control,VA_2015_SpeciesList,N,4,1,,,SRSWR,SS_unit_1,,,,,,Y,,32
33,SS,1,N,haul,Lan,vis,U,N,U,Control,VA_2015_SpeciesList,N,4,1,,,SRSWR,SS_unit_1,,,,,,Y,,33
34,SS,1,N,haul,Lan,vis,U,N,U,Control,VA_2015_SpeciesList,N,4,1,,,SRSWR,SS_unit_1,,,,,,Y,,34
35,SS,1,N,haul,Lan,vis,U,N,U,Control,VA_2015_SpeciesList,N,4,1,,,SRSWR,SS_unit_1,,,,,,Y,,35
36,SS,1,N,haul,Lan,vis,U,N,U,Control,VA_2015_SpeciesList,N,4,1,,,SRSWR,SS_unit_1,,,,,,Y,,36
37,SS,1,N,haul,Lan,vis,U,N,U,Control,VA_2015_SpeciesList,N,4,1,,,SRSWR,SS_unit_1,,,,,,Y,,37
38,SS,1,N,haul,Lan,vis,U,N,U,Control,VA_2015_SpeciesList,N,4,1,,,SRSWR,SS_unit_1,,,,,,Y,,38
39,SS,1,N,haul,Lan,vis,U,N,U,Control,VA_2015_SpeciesList,N,4,1,,,SRSWR,SS_unit_1,,,,,,Y,,39
40,SS,1,N,haul,Lan,vis,U,N,U,Control,VA_2015_SpeciesList,N,4,1,,,SRSWR,SS_unit_1,,,,,,Y,,40
41,SS,1,N,haul,Lan,vis,U,N,U,Control,VA_2015_SpeciesList,N,4,1,,,SRSWR,SS_unit_1,,,,,,Y,,41
42,SS,1,N,haul,Lan,vis,U,N,U,Control,VA_2015_SpeciesList,N,4,1,,,SRSWR,SS_unit_1,,,,,,Y,,42
43,SS,1,N,haul,Lan,vis,U,N,U,Control,VA_2015_SpeciesList,N,4,1,,,SRSWR,SS_unit_1,,,,,,Y,,43
44,SS,1,N,haul,Lan,vis,U,N,U,Control,VA_2015_SpeciesList,N,4,1,,,SRSWR,SS_unit_1,,,,,,Y,,44
45,SS,1,N,haul,Lan,vis,U,N,U,Control,VA_2015_SpeciesList,N,4,1,,,SRSWR,SS_unit_1,,,,,,Y,,45
46,SS,1,N,haul,Lan,vis,U,N,U,Control,VA_2015_SpeciesList,N,4,1,,,SRSWR,SS_unit_1,,,,,,Y,,46
47,SS,1,N,haul,Lan,vis,U,N,U,Control,VA_2015_SpeciesList,N,4,1,,,SRSWR,SS_unit_1,,,,,,Y,,47
48,SS,1,N,haul,Lan,vis,U,N,U,Control,VA_2015_SpeciesList,N,4,1,,,SRSWR,SS_unit_1,,,,,,Y,,48
49,SS,1,N,haul,Lan,vis,U,N,U,Control,VA_2015_SpeciesList,N,4,1,,,SRSWR,SS_unit_1,,,,,,Y,,49
50,SS,1,N,haul,Lan,vis,U,N,U,Control,VA_2015_SpeciesList,N,4,1,,,SRSWR,SS_unit_1,,,,,,Y,,50
51,SS,1,N,haul,Lan,vis,U,N,U,Control,VA_2015_SpeciesList,N,4,1,,,SRSWR,SS_unit_1,,,,,,Y,,51
52,SS,1,N,haul,Lan,vis,U,N,U,Control,VA_2015_SpeciesList,N,4,1,,,SRSWR,SS_unit_1,,,,,,Y,,52
53,SS,1,N,haul,Lan,vis,U,N,U,Control,VA_2015_SpeciesList,N,4,1,,,SRSWR,SS_unit_1,,,,,,Y,,53
54,SS,1,N,haul,Lan,vis,U,N,U,Control,VA_2015_SpeciesList,N,4,1,,,SRSWR,SS_unit_1,,,,,,Y,,54
55,SS,1,N,haul,Lan,vis,U,N,U,Control,VA_2015_SpeciesList,N,4,1,,,SRSWR,SS_unit_1,,,,,,Y,,55
56,SS,1,N,haul,Lan,vis,U,N,U,Control,VA_2015_SpeciesList,N,4,1,,,SRSWR,SS_unit_1,,,,,,Y,,56
57,SS,1,N,haul,Lan,vis,U,N,U,Control,VA_2015_SpeciesList,N,4,1,,,SRSWR,SS_unit_1,,,,,,Y,,57
58,SS,1,N,haul,Lan,vis,U,N,U,Control,VA_2015_SpeciesList,N,4,1,,,SRSWR,SS_unit_1,,,,,,Y,,58
59,SS,1,N,haul,Lan,vis,U,N,U,Control,VA_2015_SpeciesList,N,4,1,,,SRSWR,SS_unit_1,,,,,,Y,,59
60,SS,1,N,haul,Lan,vis,U,N,U,Control,VA_2015_SpeciesList,N,4,1,,,SRSWR,SS_unit_1,,,,,,Y,,60
